<?xml version="1.0" encoding="UTF-8"?>
<includes>
        <include name="SmartHome">
                <control type="group" id="5777">
                        <left>40</left>
                        <top>80</top>
                        <control type="button">
                                <description>left Arrow</description>
                                <left>-35</left>
                                <top>90</top>
                                <width>30</width>
                                <height>40</height>
                                <texturefocus>arrow-big-left.png</texturefocus>
                                <texturenofocus>arrow-big-left.png</texturenofocus>
                                <onclick>Control.Move(58501,-1)</onclick>
                                <visible>Control.HasFocus(58501) + Container(58501).HasPrevious</visible>
                                <include>VisibleFadeEffect</include>
                        </control>
                        <control type="group">
                                <visible>Container(9000).Hasfocus(1) + System.HasAddon(plugin.program.fritzact)</visible>
                                <include>VisibleFadeEffect</include>
                                <control type="list" id="58501">
                                        <left>0</left>
                                        <top>0</top>
                                        <width>870</width>
                                        <height>220</height>
                                        <onleft>58501</onleft>
                                        <onright>58501</onright>
                                        <onup>20</onup>
                                        <ondown condition="System.HasAddon(script.globalsearch)">608</ondown>
                                        <ondown condition="!System.HasAddon(script.globalsearch)">603</ondown>
                                        <viewtype label="535">list</viewtype>
                                        <pagecontrol>-</pagecontrol>
                                        <scrolltime>200</scrolltime>
                                        <orientation>Horizontal</orientation>
                                        <itemlayout height="215" width="290">
                                                <control type="image">
                                                        <description>background</description>
                                                        <left>0</left>
                                                        <top>0</top>
                                                        <width>290</width>
                                                        <height>215</height>
                                                        <texture border="15">RecentAddedBack.png</texture>
                                                </control>
                                                <control type="image">
                                                        <description>Dialog Header Image</description>
                                                        <left>10</left>
                                                        <top>17</top>
                                                        <width>270</width>
                                                        <height>25</height>
                                                        <texture>dialogheader.png</texture>
                                                </control>
                                                <control type="image">
                                                        <description>Actor Status Image</description>
                                                        <left>15</left>
                                                        <top>45</top>
                                                        <width>97</width>
                                                        <height>150</height>
                                                        <aspectratio>scale</aspectratio>
                                                        <texture background="true">$INFO[ListItem.Icon]</texture>
                                                </control>
                                                <control type="label">
                                                        <description>Actor Name</description>
                                                        <left>10</left>
                                                        <top>20</top>
                                                        <width>270</width>
                                                        <height>20</height>
                                                        <font>font10_title</font>
                                                        <textcolor>white</textcolor>
                                                        <shadowcolor>black</shadowcolor>
                                                        <selectedcolor>selected</selectedcolor>
                                                        <align>center</align>
                                                        <aligny>center</aligny>
                                                        <label>$INFO[ListItem.Label]</label>
                                                </control>
                                                <control type="label">
                                                        <description>Actor Presence</description>
                                                        <left>118</left>
                                                        <top>45</top>
                                                        <width>155</width>
                                                        <height>20</height>
                                                        <font>font10</font>
                                                        <textcolor>grey2</textcolor>
                                                        <shadowcolor>black</shadowcolor>
                                                        <selectedcolor>selected</selectedcolor>
                                                        <align>right</align>
                                                        <aligny>top</aligny>
                                                        <label>$ADDON[plugin.program.fritzact 30022] $INFO[ListItem.Property(present)]</label>
                                                </control>
                                                <control type="label">
                                                        <description>Actor Mode</description>
                                                        <left>118</left>
                                                        <top>65</top>
                                                        <width>155</width>
                                                        <height>20</height>
                                                        <font>font10</font>
                                                        <textcolor>grey2</textcolor>
                                                        <shadowcolor>black</shadowcolor>
                                                        <selectedcolor>selected</selectedcolor>
                                                        <align>right</align>
                                                        <aligny>top</aligny>
                                                        <label>$ADDON[plugin.program.fritzact 30026] $INFO[ListItem.Property(mode)]</label>
                                                </control>
                                                <control type="label">
                                                        <description>Actor Toggle State</description>
                                                        <left>118</left>
                                                        <top>85</top>
                                                        <width>155</width>
                                                        <height>20</height>
                                                        <font>font10</font>
                                                        <textcolor>grey2</textcolor>
                                                        <shadowcolor>black</shadowcolor>
                                                        <selectedcolor>selected</selectedcolor>
                                                        <align>right</align>
                                                        <aligny>top</aligny>
                                                        <label>$ADDON[plugin.program.fritzact 30023] $INFO[ListItem.Property(state)]</label>
                                                </control>
                                                <control type="label">
                                                        <description>Actor Temperature</description>
                                                        <left>118</left>
                                                        <top>125</top>
                                                        <width>155</width>
                                                        <height>20</height>
                                                        <font>font10</font>
                                                        <textcolor>grey2</textcolor>
                                                        <shadowcolor>black</shadowcolor>
                                                        <selectedcolor>selected</selectedcolor>
                                                        <align>right</align>
                                                        <aligny>top</aligny>
                                                        <label>$ADDON[plugin.program.fritzact 30024] $INFO[ListItem.Property(temperature)]</label>
                                                </control>
                                                <control type="label">
                                                        <description>Actor Power Consumption</description>
                                                        <left>118</left>
                                                        <top>145</top>
                                                        <width>155</width>
                                                        <height>20</height>
                                                        <font>font10</font>
                                                        <textcolor>grey2</textcolor>
                                                        <shadowcolor>black</shadowcolor>
                                                        <selectedcolor>selected</selectedcolor>
                                                        <align>right</align>
                                                        <aligny>top</aligny>
                                                        <label>$ADDON[plugin.program.fritzact 30027] $INFO[ListItem.Property(energy)]</label>
                                                </control>
                                                <control type="label">
                                                        <description>AIN</description>
                                                        <left>118</left>
                                                        <top>175</top>
                                                        <width>155</width>
                                                        <height>20</height>
                                                        <font>font10_title</font>
                                                        <textcolor>grey2</textcolor>
                                                        <shadowcolor>black</shadowcolor>
                                                        <selectedcolor>selected</selectedcolor>
                                                        <align>right</align>
                                                        <aligny>top</aligny>
                                                        <label>$INFO[ListItem.Label2]</label>
                                                </control>
                                        </itemlayout>
                                        <focusedlayout height="215" width="290">
                                                <control type="image">
                                                        <description>background</description>
                                                        <left>0</left>
                                                        <top>0</top>
                                                        <width>290</width>
                                                        <height>215</height>
                                                        <texture border="15">RecentAddedBack.png</texture>
                                                </control>
                                                <control type="image">
                                                        <description>Dialog Header Image</description>
                                                        <left>10</left>
                                                        <top>17</top>
                                                        <width>270</width>
                                                        <height>25</height>
                                                        <texture>dialogheader.png</texture>
                                                </control>
                                                <control type="image">
                                                        <description>Actor Status Image</description>
                                                        <left>15</left>
                                                        <top>45</top>
                                                        <width>97</width>
                                                        <height>150</height>
                                                        <aspectratio>scale</aspectratio>
                                                        <texture background="true">$INFO[ListItem.Icon]</texture>
                                                </control>
                                                <control type="label">
                                                        <description>Actor Name</description>
                                                        <left>10</left>
                                                        <top>20</top>
                                                        <width>270</width>
                                                        <height>20</height>
                                                        <font>font10_title</font>
                                                        <textcolor>white</textcolor>
                                                        <shadowcolor>black</shadowcolor>
                                                        <selectedcolor>selected</selectedcolor>
                                                        <align>center</align>
                                                        <aligny>center</aligny>
                                                        <label>$INFO[ListItem.Label]</label>
                                                        <visible>!Control.HasFocus(58501)</visible>
                                                </control>
                                                <control type="label">
                                                        <description>Actor Name</description>
                                                        <left>10</left>
                                                        <top>20</top>
                                                        <width>270</width>
                                                        <height>20</height>
                                                        <font>font10_title</font>
                                                        <textcolor>blue</textcolor>
                                                        <shadowcolor>black</shadowcolor>
                                                        <selectedcolor>selected</selectedcolor>
                                                        <align>center</align>
                                                        <aligny>center</aligny>
                                                        <label>$INFO[ListItem.Label]</label>
                                                        <visible>Control.HasFocus(58501)</visible>
                                                </control>
                                                 <control type="label">
                                                        <description>Actor Presence</description>
                                                        <left>118</left>
                                                        <top>45</top>
                                                        <width>155</width>
                                                        <height>20</height>
                                                        <font>font10</font>
                                                        <textcolor>grey2</textcolor>
                                                        <shadowcolor>black</shadowcolor>
                                                        <selectedcolor>selected</selectedcolor>
                                                        <align>right</align>
                                                        <aligny>top</aligny>
                                                        <label>$ADDON[plugin.program.fritzact 30022] $INFO[ListItem.Property(present)]</label>
                                                </control>
                                                <control type="label">
                                                        <description>Actor Mode</description>
                                                        <left>118</left>
                                                        <top>65</top>
                                                        <width>155</width>
                                                        <height>20</height>
                                                        <font>font10</font>
                                                        <textcolor>grey2</textcolor>
                                                        <shadowcolor>black</shadowcolor>
                                                        <selectedcolor>selected</selectedcolor>
                                                        <align>right</align>
                                                        <aligny>top</aligny>
                                                        <label>$ADDON[plugin.program.fritzact 30026] $INFO[ListItem.Property(mode)]</label>
                                                </control>
                                                <control type="label">
                                                        <description>Actor Toggle State</description>
                                                        <left>118</left>
                                                        <top>85</top>
                                                        <width>155</width>
                                                        <height>20</height>
                                                        <font>font10</font>
                                                        <textcolor>grey2</textcolor>
                                                        <shadowcolor>black</shadowcolor>
                                                        <selectedcolor>selected</selectedcolor>
                                                        <align>right</align>
                                                        <aligny>top</aligny>
                                                        <label>$ADDON[plugin.program.fritzact 30023] $INFO[ListItem.Property(state)]</label>
                                                </control>
                                                <control type="label">
                                                        <description>Actor Temperature</description>
                                                        <left>118</left>
                                                        <top>125</top>
                                                        <width>155</width>
                                                        <height>20</height>
                                                        <font>font10</font>
                                                        <textcolor>grey2</textcolor>
                                                        <shadowcolor>black</shadowcolor>
                                                        <selectedcolor>selected</selectedcolor>
                                                        <align>right</align>
                                                        <aligny>top</aligny>
                                                        <label>$ADDON[plugin.program.fritzact 30024] $INFO[ListItem.Property(temperature)]</label>
                                                </control>
                                                <control type="label">
                                                        <description>Actor Power Consumption</description>
                                                        <left>118</left>
                                                        <top>145</top>
                                                        <width>155</width>
                                                        <height>20</height>
                                                        <font>font10</font>
                                                        <textcolor>grey2</textcolor>
                                                        <shadowcolor>black</shadowcolor>
                                                        <selectedcolor>selected</selectedcolor>
                                                        <align>right</align>
                                                        <aligny>top</aligny>
                                                        <label>$ADDON[plugin.program.fritzact 30027] $INFO[ListItem.Property(energy)]</label>
                                                </control>
                                                <control type="label">
                                                        <description>AIN</description>
                                                        <left>118</left>
                                                        <top>175</top>
                                                        <width>155</width>
                                                        <height>20</height>
                                                        <font>font10_title</font>
                                                        <textcolor>grey2</textcolor>
                                                        <shadowcolor>black</shadowcolor>
                                                        <selectedcolor>selected</selectedcolor>
                                                        <align>right</align>
                                                        <aligny>top</aligny>
                                                        <label>$INFO[ListItem.Label2]</label>
                                                </control>
                                        </focusedlayout>
                                        <onclick>RunScript(plugin.program.fritzact,action=toggle&amp;ain=$INFO[ListItem.Label2])</onclick>
                                        <content>plugin://plugin.program.fritzact?ts=$INFO[Window(Home).Property(fritzact.timestamp)]</content>
                                </control>
                                <control type="button">
                                        <description>right Arrow</description>
                                        <left>875</left>
                                        <top>90</top>
                                        <width>30</width>
                                        <height>40</height>
                                        <texturefocus>arrow-big-right.png</texturefocus>
                                        <texturenofocus>arrow-big-right.png</texturenofocus>
                                        <onclick>Control.Move(58501,1)</onclick>
                                        <visible>Control.HasFocus(58501) + Container(58501).HasNext</visible>
                                        <include>VisibleFadeEffect</include>
                                </control>
                         </control>
                </control>
        </include>
</includes>
