<?xml version="1.0" encoding="UTF-8" standalone="yes"?>
<addon id="plugin.video.ipcams" name="Surveillance Cameras" version="0.0.2" provider-name="brat, BJ1">
  <extension point="xbmc.python.pluginsource" library="default.py">
    <provides>video</provides>
  </extension>
  <extension point="xbmc.addon.metadata">
    <platform>all</platform>
    <summary lang="en">Surveillance Cameras</summary>
    <summary lang="de">Überwachungskameras</summary>
    <description lang="en">Take a look to the pictures of your installed surveillance cameras. You are able to select one of a maximum number of three cameras.</description>
    <description lang="de">Schau' Dir die Bilder Deiner installierten Überwachungskameras an. Du kannst eine von maximal drei Kameras auswählen.</description>
    <disclaimer lang="en">Use at your own risk. This is not a replacment for professional equipment.</disclaimer>
    <disclaimer lang="de">Benutzung auf eigene Gefahr. Ersetzt keine professionelle Ausrüstung.</disclaimer>
    <license>GNU GENERAL PUBLIC LICENSE. Version 3, June 2007</license>
    <forum></forum>
    <website></website>
    <email>birger.jesch@gmail.com</email>
    <source>https://github.com/b-jesch/plugin.video.ipcams</source>
  </extension>
</addon>