<?xml version="1.0" encoding="UTF-8" standalone="yes"?>
<addon id="script.service.hypercon" name="Hyperion Controller Service" version="0.0.3" provider-name="Birger Jesch">
  <requires>
    <import addon="xbmc.python" version="2.25.0"/>
    <import addon="script.skin.helper.colorpicker" version="1.0.13"/>
    <import addon="script.module.pil" version="1.1.7" />
    <import addon="script.module.six" version="1.11.0" />
  </requires>
  <extension point="xbmc.python.script" library="default.py">
    <provides>executable</provides>
  </extension>
  <extension point="xbmc.service" library="service.py" />
  <extension point="xbmc.addon.metadata">
    <platform>all</platform>
    <summary lang="en_GB">Control your Ambilight with different effects via the Hyperion Controller Service</summary>
    <summary lang="de_DE">Steuere Dein Ambilight mit unterschiedlichen Effekten über den Hyperion Controller Service</summary>
    <description lang="en_GB">Define various Ambilight and Moodlight Effects while playing different Media Types in Kodi. Switch Your Ambilight On or Off when Kodi is started or stopped.</description>
    <description lang="de_DE">Definiere verschiedene Ambilight- und Moodlight-Effekte für Deine Medien wie Videos, Musik oder Bilder, die in Kodi abgespielt werden. Schalte Dein Ambilight ein oder aus, wenn Kodi gestartet oder gestoppt wird.</description>
    <disclaimer lang="en_GB">Use at your own Risk</disclaimer>
    <disclaimer lang="de_DE">Benutzung auf eigene Gefahr</disclaimer>
    <license>GNU GENERAL PUBLIC LICENSE. Version 3, June 2007</license>
    <forum />
    <website />
    <email>birger.jesch@gmail.com</email>
    <source>https://github.com/b-jesch/script.service.hypercon</source>
    <news>
0.0.3: Improved Shutdown
0.0.2: Some Enhancements
0.0.1: Initial Commit
    </news>
    <assets>
        <icon>icon.png</icon>
        <fanart>fanart.jpg</fanart>
        <screenshot />
        <screenshot />
    </assets>
  </extension>
</addon>