<?xml version="1.0" encoding="UTF-8" standalone="yes"?>
<addon id="script.program.driverselect" name="LibreELEC DVB Drivers" version="0.0.4" provider-name="Birger Jesch">
    <requires>
        <import addon="xbmc.python" version="2.25.0"/>
        <import addon="xbmc.json" version="7.0.0"/>
    </requires>
    <extension point="xbmc.python.script" library="default.py"/>
    <extension point="xbmc.addon.metadata">
        <summary lang="en_gb">DVB driver selection</summary>
        <description lang="en_gb">Select and install a suitable driver module for your DVB hardware.</description>
        <disclaimer lang="en_gb">Use at your own risk.</disclaimer>
        <summary lang="de_de">DVB Treibermodul Auswahl</summary>
        <description lang="de_de">Wähle und installiere ein passendes Treibermodul für Deine DVB-Hardware.</description>
        <disclaimer lang="de_de">Benutzung auf eigene Gefahr.</disclaimer>
        <platform>linux</platform>
        <license>GNU GENERAL PUBLIC LICENSE. Version 3, June 2007</license>
        <forum></forum>
        <website></website>
        <email></email>
        <source>https://github.com/b-jesch/script.program.driverselect</source>
        <news></news>
        <assets>
            <icon>resources/icon.png</icon>
            <fanart></fanart>
            <screenshot></screenshot>
        </assets>
    </extension>
</addon>