<?xml version="1.0" encoding="UTF-8" standalone="yes"?>
<addon id="script.input.adsp" name="ADSP" version="0.0.1" provider-name="Birger Jesch">
    <requires>
        <import addon="xbmc.python" version="2.25.0"/>
    </requires>
    <extension point="xbmc.python.script" library="default.py">
        <provides></provides>
    </extension>
    <extension point="xbmc.addon.metadata">
        <summary lang="en_GB">Wrapper for showing the audio dsp compressor window</summary>
        <summary lang="de_DE">Wrapper zum Anzeigen des Audio DSP Fensters</summary>
        <description lang="en_GB">This small addon shows the audio dsp compressor window. Simply connect a button of your remote to the addon.</description>
        <description lang="de_DE">Dieses Addon öffnet den Audio DSP zum Einstellen der Dynamikkompression. Dazu kann man das Addon einfach mit einem Button der Fernbedienung verknüpfen.</description>
    </extension>
</addon>