<?xml version="1.0" encoding="UTF-8"?>
<includes>
        <include name="HomeRecentlyAddedGTO">
                <control type="group" id="5777">
                        <left>40</left>
                        <top>60</top>
                        <control type="button">
                                <description>left Arrow</description>
                                <left>-35</left>
                                <top>90</top>
                                <width>30</width>
                                <height>40</height>
                                <texturefocus>arrow-big-left.png</texturefocus>
                                <texturenofocus>arrow-big-left.png</texturenofocus>
                                <onclick>Control.Move(58051,-1)</onclick>
                                <visible>Control.HasFocus(58051) + Container(58051).HasPrevious</visible>
                                <include>VisibleFadeEffect</include>
                        </control>
                        <control type="group">
                                <visible>Container(9000).Hasfocus(12) + !Skin.HasSetting(HomepageHideRecentlyAddedVideo) + !PVR.HasTimer</visible>
                                <include>VisibleFadeEffect</include>
                                <control type="label">
                                        <description>Widget label</description>
                                        <left>360</left>
                                        <top>300</top>
                                        <height>20</height>
                                        <width>480</width>
                                        <label>$ADDON[plugin.service.gto 30104]</label>
                                        <align>center</align>
                                        <aligny>center</aligny>
                                        <font>font12_title</font>
                                        <textcolor>white</textcolor>
                                        <shadowcolor>black</shadowcolor>
                                </control>
                                <control type="list" id="58051">
                                        <left>0</left>
                                        <top>0</top>
                                        <width>1200</width>
                                        <height>300</height>
                                        <onleft>58051</onleft>
                                        <onright>58051</onright>
                                        <onup>20</onup>
                                        <ondown condition="System.HasAddon(script.globalsearch)">608</ondown>
                                        <ondown condition="!System.HasAddon(script.globalsearch)">603</ondown>
                                        <viewtype label="535">list</viewtype>
                                        <pagecontrol>-</pagecontrol>
                                        <scrolltime>200</scrolltime>
                                        <orientation>Horizontal</orientation>
                                        <itemlayout height="220" width="240">
                                                <control type="image">
                                                        <description>background</description>
                                                        <left>0</left>
                                                        <top>0</top>
                                                        <width>240</width>
                                                        <height>280</height>
                                                        <texture border="15">RecentAddedBack.png</texture>
                                                </control>
                                                <control type="image">
                                                        <description>Broadcast Picture</description>
                                                        <left>10</left>
                                                        <top>10</top>
                                                        <width>220</width>
                                                        <height>155</height>
                                                        <aspectratio>scale</aspectratio>
                                                        <texture background="true">$INFO[ListItem.thumb]</texture>
                                                        <bordertexture border="5">button-nofocus.png</bordertexture>
                                                        <bordersize>5</bordersize>
                                                </control>
                                                <control type="label">
                                                        <description>Genre</description>
                                                        <left>20</left>
                                                        <top>15</top>
                                                        <width>200</width>
                                                        <height>14</height>
                                                        <font>font10</font>
                                                        <textcolor>grey2</textcolor>
                                                        <shadowcolor>black</shadowcolor>
                                                        <align>left</align>
                                                        <aligny>top</aligny>
                                                        <label>$INFO[ListItem.genre]</label>
                                                </control>
                                                <control type="label">
                                                        <description>Movie Title</description>
                                                        <left>20</left>
                                                        <top>168</top>
                                                        <width>200</width>
                                                        <height>20</height>
                                                        <font>font12</font>
                                                        <textcolor>white</textcolor>
                                                        <shadowcolor>black</shadowcolor>
                                                        <selectedcolor>selected</selectedcolor>
                                                        <align>center</align>
                                                        <aligny>center</aligny>
                                                        <label>$INFO[ListItem.title]</label>
                                                </control>
                                                <control type="image">
                                                        <description>Channellogo</description>
                                                        <left>20</left>
                                                        <top>190</top>
                                                        <width>100</width>
                                                        <height>75</height>
                                                        <aspectratio>keep</aspectratio>
                                                        <align>left</align>
                                                        <aligny>top</aligny>
                                                        <texture background="false">$INFO[ListItem.Property(ChannelLogo)]</texture>
                                                        <bordersize>5</bordersize>
                                                </control>
                                                <control type="label">
                                                        <description>Starttime - Endtime</description>
                                                        <left>120</left>
                                                        <top>195</top>
                                                        <width>100</width>
                                                        <height>20</height>
                                                        <font>font10</font>
                                                        <textcolor>grey2</textcolor>
                                                        <shadowcolor>black</shadowcolor>
                                                        <selectedcolor>selected</selectedcolor>
                                                        <align>right</align>
                                                        <aligny>top</aligny>
                                                        <label>$INFO[ListItem.Property(StartTime)] - $INFO[ListItem.Property(EndTime)]</label>
                                                </control>
                                                <control type="label">
                                                        <description>PVR Channel</description>
                                                        <left>120</left>
                                                        <top>215</top>
                                                        <width>100</width>
                                                        <height>20</height>
                                                        <font>font10</font>
                                                        <textcolor>grey2</textcolor>
                                                        <shadowcolor>black</shadowcolor>
                                                        <selectedcolor>selected</selectedcolor>
                                                        <align>right</align>
                                                        <aligny>top</aligny>
                                                        <label>$INFO[ListItem.Label2]</label>
                                                </control>
                                                <control type="label">
                                                        <description>Runtime</description>
                                                        <left>120</left>
                                                        <top>235</top>
                                                        <width>100</width>
                                                        <height>20</height>
                                                        <font>font10</font>
                                                        <textcolor>grey2</textcolor>
                                                        <shadowcolor>black</shadowcolor>
                                                        <selectedcolor>selected</selectedcolor>
                                                        <align>right</align>
                                                        <aligny>top</aligny>
                                                        <label>$INFO[ListItem.duration] min</label>
                                                </control>
                                        </itemlayout>
                                        <focusedlayout height="220" width="240">
                                                <control type="image">
                                                        <description>background</description>
                                                        <left>0</left>
                                                        <top>0</top>
                                                        <width>240</width>
                                                        <height>280</height>
                                                        <texture border="15">RecentAddedBack.png</texture>
                                                </control>
                                                <control type="image">
                                                        <left>10</left>
                                                        <top>10</top>
                                                        <width>220</width>
                                                        <height>155</height>
                                                        <aspectratio>scale</aspectratio>
                                                        <texture background="true">$INFO[ListItem.thumb]</texture>
                                                        <bordertexture border="5">folder-focus.png</bordertexture>
                                                        <bordersize>5</bordersize>
                                                        <visible>Control.HasFocus(58051)</visible>
                                                </control>
                                                <control type="image">
                                                        <left>10</left>
                                                        <top>10</top>
                                                        <width>220</width>
                                                        <height>155</height>
                                                        <aspectratio>scale</aspectratio>
                                                        <texture>$INFO[ListItem.thumb]</texture>
                                                        <bordertexture border="5">button-nofocus.png</bordertexture>
                                                        <bordersize>5</bordersize>
                                                        <visible>!Control.HasFocus(58051)</visible>
                                                </control>
                                                <control type="label">
                                                        <left>20</left>
                                                        <top>15</top>
                                                        <width>200</width>
                                                        <height>14</height>
                                                        <font>font10</font>
                                                        <textcolor>grey2</textcolor>
                                                        <shadowcolor>black</shadowcolor>
                                                        <align>left</align>
                                                        <aligny>top</aligny>
                                                        <label>$INFO[ListItem.genre]</label>
                                                </control>
                                                <control type="label">
                                                        <left>20</left>
                                                        <top>168</top>
                                                        <width>200</width>
                                                        <height>20</height>
                                                        <font>font12</font>
                                                        <textcolor>white</textcolor>
                                                        <shadowcolor>black</shadowcolor>
                                                        <selectedcolor>selected</selectedcolor>
                                                        <align>center</align>
                                                        <aligny>center</aligny>
                                                        <label>$INFO[ListItem.Label]</label>
                                                        <visible>!Control.HasFocus(58051)</visible>
                                                </control>
                                                <control type="label">
                                                        <left>20</left>
                                                        <top>168</top>
                                                        <width>200</width>
                                                        <height>20</height>
                                                        <font>font12</font>
                                                        <textcolor>blue</textcolor>
                                                        <selectedcolor>selected</selectedcolor>
                                                        <align>center</align>
                                                        <aligny>center</aligny>
                                                        <label>$INFO[ListItem.Label]</label>
                                                        <visible>Control.HasFocus(58051)</visible>
                                                </control>
                                                <control type="image">
                                                        <description>Channellogo</description>
                                                        <left>20</left>
                                                        <top>190</top>
                                                        <width>100</width>
                                                        <height>75</height>
                                                        <aspectratio>keep</aspectratio>
                                                        <align>left</align>
                                                        <aligny>top</aligny>
                                                        <texture background="false">$INFO[ListItem.Property(ChannelLogo)]</texture>
                                                        <bordersize>5</bordersize>
                                                </control>
                                                <control type="label">
                                                        <left>120</left>
                                                        <top>195</top>
                                                        <width>100</width>
                                                        <height>20</height>
                                                        <font>font10</font>
                                                        <textcolor>grey2</textcolor>
                                                        <shadowcolor>black</shadowcolor>
                                                        <selectedcolor>selected</selectedcolor>
                                                        <align>right</align>
                                                        <aligny>top</aligny>
                                                        <label>$INFO[ListItem.Property(StartTime)] - $INFO[ListItem.Property(EndTime)]</label>
                                                </control>
                                                <control type="label">
                                                        <left>120</left>
                                                        <top>215</top>
                                                        <width>100</width>
                                                        <height>20</height>
                                                        <font>font10</font>
                                                        <textcolor>grey2</textcolor>
                                                        <shadowcolor>black</shadowcolor>
                                                        <selectedcolor>selected</selectedcolor>
                                                        <align>right</align>
                                                        <aligny>top</aligny>
                                                        <label>$INFO[ListItem.Label2]</label>
                                                </control>
                                                <control type="label">
                                                        <description>Runtime</description>
                                                        <left>120</left>
                                                        <top>235</top>
                                                        <width>100</width>
                                                        <height>20</height>
                                                        <font>font10</font>
                                                        <textcolor>grey2</textcolor>
                                                        <shadowcolor>black</shadowcolor>
                                                        <selectedcolor>selected</selectedcolor>
                                                        <align>right</align>
                                                        <aligny>top</aligny>
                                                        <label>$INFO[ListItem.duration] min</label>
                                                </control>
                                        </focusedlayout>
                                        <onclick>RunScript(plugin.service.gto,action=infopopup&amp;blob=$INFO[ListItem.Property(BlobId)])</onclick>
                                        <content target="pvr">plugin://plugin.service.gto?action=getcontent&amp;ts=$INFO[Window(Home).Property(GTO.timestamp)]</content>
                                </control>
                                <control type="button">
                                        <description>right Arrow</description>
                                        <left>1210</left>
                                        <top>90</top>
                                        <width>30</width>
                                        <height>40</height>
                                        <texturefocus>arrow-big-right.png</texturefocus>
                                        <texturenofocus>arrow-big-right.png</texturenofocus>
                                        <onclick>Control.Move(58051,1)</onclick>
                                        <visible>Control.HasFocus(58051) + Container(58051).HasNext</visible>
                                        <include>VisibleFadeEffect</include>
                                </control>
                         </control>
                        <control type="group">
                                <visible>Container(9000).Hasfocus(12) + !Skin.HasSetting(HomepageHideRecentlyAddedVideo) + PVR.HasTimer</visible>
                                <include>VisibleFadeEffect</include>
                                <control type="label">
                                        <description>Widget label</description>
                                        <left>120</left>
                                        <top>300</top>
                                        <height>20</height>
                                        <width>480</width>
                                        <label>$ADDON[plugin.service.gto 30104]</label>
                                        <align>center</align>
                                        <aligny>center</aligny>
                                        <font>font12_title</font>
                                        <textcolor>white</textcolor>
                                        <shadowcolor>black</shadowcolor>
                                </control>
                                <control type="list" id="58051">
                                        <left>0</left>
                                        <top>0</top>
                                        <width>720</width>
                                        <height>300</height>
                                        <onleft>58051</onleft>
                                        <onright>58051</onright>
                                        <onup>20</onup>
                                        <ondown condition="System.HasAddon(script.globalsearch)">608</ondown>
                                        <ondown condition="!System.HasAddon(script.globalsearch)">603</ondown>
                                        <viewtype label="535">list</viewtype>
                                        <pagecontrol>-</pagecontrol>
                                        <scrolltime>200</scrolltime>
                                        <orientation>Horizontal</orientation>
                                        <itemlayout height="220" width="240">
                                                <control type="image">
                                                        <description>background</description>
                                                        <left>0</left>
                                                        <top>0</top>
                                                        <width>240</width>
                                                        <height>280</height>
                                                        <texture border="15">RecentAddedBack.png</texture>
                                                </control>
                                                <control type="image">
                                                        <description>Broadcast Picture</description>
                                                        <left>10</left>
                                                        <top>10</top>
                                                        <width>220</width>
                                                        <height>155</height>
                                                        <aspectratio>scale</aspectratio>
                                                        <texture background="true">$INFO[ListItem.thumb]</texture>
                                                        <bordertexture border="5">button-nofocus.png</bordertexture>
                                                        <bordersize>5</bordersize>
                                                </control>
                                                <control type="label">
                                                        <description>Genre</description>
                                                        <left>20</left>
                                                        <top>15</top>
                                                        <width>200</width>
                                                        <height>14</height>
                                                        <font>font10</font>
                                                        <textcolor>grey2</textcolor>
                                                        <shadowcolor>black</shadowcolor>
                                                        <align>left</align>
                                                        <aligny>top</aligny>
                                                        <label>$INFO[ListItem.genre]</label>
                                                </control>
                                                <control type="label">
                                                        <description>Movie Title</description>
                                                        <left>20</left>
                                                        <top>168</top>
                                                        <width>200</width>
                                                        <height>20</height>
                                                        <font>font12</font>
                                                        <textcolor>white</textcolor>
                                                        <shadowcolor>black</shadowcolor>
                                                        <selectedcolor>selected</selectedcolor>
                                                        <align>center</align>
                                                        <aligny>center</aligny>
                                                        <label>$INFO[ListItem.title]</label>
                                                </control>
                                                <control type="image">
                                                        <description>Channellogo</description>
                                                        <left>20</left>
                                                        <top>190</top>
                                                        <width>100</width>
                                                        <height>75</height>
                                                        <aspectratio>keep</aspectratio>
                                                        <align>left</align>
                                                        <aligny>top</aligny>
                                                        <texture background="false">$INFO[ListItem.Property(ChannelLogo)]</texture>
                                                        <bordersize>5</bordersize>
                                                </control>
                                                <control type="label">
                                                        <description>Starttime - Endtime</description>
                                                        <left>120</left>
                                                        <top>195</top>
                                                        <width>100</width>
                                                        <height>20</height>
                                                        <font>font10</font>
                                                        <textcolor>grey2</textcolor>
                                                        <shadowcolor>black</shadowcolor>
                                                        <selectedcolor>selected</selectedcolor>
                                                        <align>right</align>
                                                        <aligny>top</aligny>
                                                        <label>$INFO[ListItem.Property(StartTime)] - $INFO[ListItem.Property(EndTime)]</label>
                                                </control>
                                                <control type="label">
                                                        <description>PVR Channel</description>
                                                        <left>120</left>
                                                        <top>215</top>
                                                        <width>100</width>
                                                        <height>20</height>
                                                        <font>font10</font>
                                                        <textcolor>grey2</textcolor>
                                                        <shadowcolor>black</shadowcolor>
                                                        <selectedcolor>selected</selectedcolor>
                                                        <align>right</align>
                                                        <aligny>top</aligny>
                                                        <label>$INFO[ListItem.Label2]</label>
                                                </control>
                                                <control type="label">
                                                        <description>Runtime</description>
                                                        <left>120</left>
                                                        <top>235</top>
                                                        <width>100</width>
                                                        <height>20</height>
                                                        <font>font10</font>
                                                        <textcolor>grey2</textcolor>
                                                        <shadowcolor>black</shadowcolor>
                                                        <selectedcolor>selected</selectedcolor>
                                                        <align>right</align>
                                                        <aligny>top</aligny>
                                                        <label>$INFO[ListItem.duration] min</label>
                                                </control>
                                        </itemlayout>
                                        <focusedlayout height="220" width="240">
                                                <control type="image">
                                                        <description>background</description>
                                                        <left>0</left>
                                                        <top>0</top>
                                                        <width>240</width>
                                                        <height>280</height>
                                                        <texture border="15">RecentAddedBack.png</texture>
                                                </control>
                                                <control type="image">
                                                        <left>10</left>
                                                        <top>10</top>
                                                        <width>220</width>
                                                        <height>155</height>
                                                        <aspectratio>scale</aspectratio>
                                                        <texture background="true">$INFO[ListItem.thumb]</texture>
                                                        <bordertexture border="5">folder-focus.png</bordertexture>
                                                        <bordersize>5</bordersize>
                                                        <visible>Control.HasFocus(58051)</visible>
                                                </control>
                                                <control type="image">
                                                        <left>10</left>
                                                        <top>10</top>
                                                        <width>220</width>
                                                        <height>155</height>
                                                        <aspectratio>scale</aspectratio>
                                                        <texture>$INFO[ListItem.thumb]</texture>
                                                        <bordertexture border="5">button-nofocus.png</bordertexture>
                                                        <bordersize>5</bordersize>
                                                        <visible>!Control.HasFocus(58051)</visible>
                                                </control>
                                                <control type="label">
                                                        <left>20</left>
                                                        <top>15</top>
                                                        <width>200</width>
                                                        <height>14</height>
                                                        <font>font10</font>
                                                        <textcolor>grey2</textcolor>
                                                        <shadowcolor>black</shadowcolor>
                                                        <align>left</align>
                                                        <aligny>top</aligny>
                                                        <label>$INFO[ListItem.genre]</label>
                                                </control>
                                                <control type="label">
                                                        <left>20</left>
                                                        <top>168</top>
                                                        <width>200</width>
                                                        <height>20</height>
                                                        <font>font12</font>
                                                        <textcolor>white</textcolor>
                                                        <shadowcolor>black</shadowcolor>
                                                        <selectedcolor>selected</selectedcolor>
                                                        <align>center</align>
                                                        <aligny>center</aligny>
                                                        <label>$INFO[ListItem.Label]</label>
                                                        <visible>!Control.HasFocus(58051)</visible>
                                                </control>
                                                <control type="label">
                                                        <left>20</left>
                                                        <top>168</top>
                                                        <width>200</width>
                                                        <height>20</height>
                                                        <font>font12</font>
                                                        <textcolor>blue</textcolor>
                                                        <selectedcolor>selected</selectedcolor>
                                                        <align>center</align>
                                                        <aligny>center</aligny>
                                                        <label>$INFO[ListItem.Label]</label>
                                                        <visible>Control.HasFocus(58051)</visible>
                                                </control>
                                                <control type="image">
                                                        <description>Channellogo</description>
                                                        <left>20</left>
                                                        <top>190</top>
                                                        <width>100</width>
                                                        <height>75</height>
                                                        <aspectratio>keep</aspectratio>
                                                        <align>left</align>
                                                        <aligny>top</aligny>
                                                        <texture background="false">$INFO[ListItem.Property(ChannelLogo)]</texture>
                                                        <bordersize>5</bordersize>
                                                </control>
                                                <control type="label">
                                                        <left>120</left>
                                                        <top>195</top>
                                                        <width>100</width>
                                                        <height>20</height>
                                                        <font>font10</font>
                                                        <textcolor>grey2</textcolor>
                                                        <shadowcolor>black</shadowcolor>
                                                        <selectedcolor>selected</selectedcolor>
                                                        <align>right</align>
                                                        <aligny>top</aligny>
                                                        <label>$INFO[ListItem.Property(StartTime)] - $INFO[ListItem.Property(EndTime)]</label>
                                                </control>
                                                <control type="label">
                                                        <left>120</left>
                                                        <top>215</top>
                                                        <width>100</width>
                                                        <height>20</height>
                                                        <font>font10</font>
                                                        <textcolor>grey2</textcolor>
                                                        <shadowcolor>black</shadowcolor>
                                                        <selectedcolor>selected</selectedcolor>
                                                        <align>right</align>
                                                        <aligny>top</aligny>
                                                        <label>$INFO[ListItem.Label2]</label>
                                                </control>
                                                <control type="label">
                                                        <description>Runtime</description>
                                                        <left>120</left>
                                                        <top>235</top>
                                                        <width>100</width>
                                                        <height>20</height>
                                                        <font>font10</font>
                                                        <textcolor>grey2</textcolor>
                                                        <shadowcolor>black</shadowcolor>
                                                        <selectedcolor>selected</selectedcolor>
                                                        <align>right</align>
                                                        <aligny>top</aligny>
                                                        <label>$INFO[ListItem.duration] min</label>
                                                </control>
                                        </focusedlayout>
                                        <onclick>RunScript(plugin.service.gto,action=infopopup&amp;blob=$INFO[ListItem.Property(BlobId)])</onclick>
                                        <content target="pvr">plugin://plugin.service.gto?action=getcontent&amp;ts=$INFO[Window(Home).Property(GTO.timestamp)]</content>
                                </control>
                                <control type="button">
                                        <description>right Arrow</description>
                                        <left>730</left>
                                        <top>90</top>
                                        <width>30</width>
                                        <height>40</height>
                                        <texturefocus>arrow-big-right.png</texturefocus>
                                        <texturenofocus>arrow-big-right.png</texturenofocus>
                                        <onclick>Control.Move(58051,1)</onclick>
                                        <visible>Control.HasFocus(58051) + Container(58051).HasNext</visible>
                                        <include>VisibleFadeEffect</include>
                                </control>
                         </control>
                </control>
        </include>
</includes>

