<?xml version="1.0" encoding="UTF-8" standalone="yes"?>
<addon id="service.sleepy.watchdog" name="Sleepy Watchdog" version="0.1.26" provider-name="Birger Jesch">
  <requires>
    <import addon="xbmc.python" version="2.24.0"/>
  </requires>
  <extension point="xbmc.python.script" library="default.py">
    <provides>executable</provides>
  </extension>
  <extension point="xbmc.service" library="service.py" start="[login|startup]" />
  <extension point="xbmc.addon.metadata">
    <platform>all</platform>
    <summary lang="en_GB">Sleepy Watchdog - he's watching while You sleep</summary>
    <summary lang="de_DE">Sleepy Watchdog - er passt auf, während Du schläfst</summary>
    <summary lang="uk_UA">Sleepy Watchdog - він чатує, поки Ви спите</summary>
    <description lang="en_GB">This Idle Timer management performs defined actions after an adjusted amount of inactivity time. Those actions are stop playing Audio, Video or TV for example or some actions to execute shutdown variations like suspend, reboot poweroff or hibernate.</description>
    <description lang="de_DE">Dieser Timer führt vorher definierte Aktionen nach einer einstellbaren Inaktivitätszeit aus. Die Aktionen können zum Beispiel das Stoppen von Audio, Video oder TV-Streams sein, aber auch das Herunterfahren des Systems in verschiedenen Modi (Suspend, Reboot, PowerOff, Bereitschaft) wird angeboten.</description>
    <description lang="uk_UA">Цей Таймер Простою виконує задані дії, після встановленого часу неактивності. Наприклад, зупиняє відтворення Аудіо, Відео, TV-Потоків чи інші дії (як Призупинення, Вимкнення, Перезавантаження або Гібернація) до Системи.</description>
    <disclaimer lang="uk_UA">Використовуйте на власний Ризик. Ця Служба, може вступати в конфлікт з іншими сервісами (н.д. Запису).</disclaimer>
    <disclaimer lang="de_DE">Benutzung auf eigene Gefahr. Dieser Dienst könnte mit anderen Diensten (z.B. Aufnahmedienste) kollidieren.</disclaimer>
    <disclaimer lang="en_GB">Use at your own risk. This service could conflict to other services (e.g recording services).</disclaimer>
    <license>GNU GENERAL PUBLIC LICENSE. Version 3, June 2007</license>
    <forum>http://www.kodinerds.net/index.php/Thread/43876-RELEASE-Sleepy-WatchDog-Wenn-alles-vor-der-Glotze-schl%C3%A4ft/</forum>
    <website></website>
    <email>birger.jesch@gmail.com</email>
    <source>https://github.com/b-jesch/service.sleepy.watchdog</source>
    <news>
0.1.26
- Disable notifications when stop playing video/audio is selected and no media is playing

0.1.25
- Some improvements
- Ability to reset the user idle timer (quick manual start)

0.1.24
- Addon structure modified

0.1.23
- Introducing quick manual start of idle timers on adon call

0.1.20
- Ready for Krypton

0.1.19
- Ukrainian language added
- Messaging switched from progress dialog to an intermitted notification as some skins shows the progress dialog too obtrusive.
    </news>
    <assets>
      <icon>resources/media/icon.png</icon>
      <fanart>resources/media/fanart.png</fanart>
    </assets>
  </extension>
</addon>
