<?xml version="1.0" encoding="UTF-8" standalone="yes"?>
<addon id="service.pvr.manager" name="PVR Recording &amp; Power Manager" version="0.0.10" provider-name="Birger Jesch">
  <requires>
    <import addon="xbmc.python" version="2.25.0" />
    <import addon="xbmc.json" version="7.0.0" />
    <import addon="script.module.requests" version="2.9.1" />
    <import addon="script.module.dateutil" version="2.5.3"/>
  </requires>
  <extension point="xbmc.service" library="service.py" start="[login|startup]" />
  <extension point="xbmc.python.script" library="service.py" />
  <extension point="xbmc.addon.metadata">
    <platform>all</platform>
    <summary lang="en">PVR Recording &amp; Power Manager</summary>
    <summary lang="de">PVR Recording &amp; Power Manager</summary>
    <summary lang="pl">PVR Recording &amp; Power Manager</summary>
    <description lang="en">Recording and power management for current active recordings and wakeup procedures for future schedules using JSON-RPC. Prevents shutdown/poweroff the system while an active schedule is running. Delivers optional Emails via SMTP if an automatic scheduled recording ended successfully. Ability to start the system periodically on an user defined cycle and time for e.g. EPG-Updates if there is a longer inactivity time of the system.</description>
    <description lang="de">Power- und Timer-Management für aktuell laufende Aufnahmen sowie Aufweckmechanismen für spätere timergesteuerte Aufnahmen unter Nutzung von JSON-RPC. Verhindert ein versehentliches Herunterfahren des Systems während einer Aufnahme. Der Dienst versendet optional Emails via SMTP, wenn eine automatische Aufnahme erfolgreich abgeschlossen wurde. Zusätzlich wird das System zyklisch zu einer einstellbaren Zeit aufgeweckt, um z.B das EPG zu aktualisieren.</description>
    <disclaimer lang="de">Benutzung auf eigene Gefahr. Keine Haftung für nicht gesetzte Timer, nicht durchgeführte Aufnahmen und andere Seiteneffekte!</disclaimer>
    <disclaimer lang="en">Use at your own risk. No liability for not set timers, lack of recording and other side effects!</disclaimer>
    <license>GNU GENERAL PUBLIC LICENSE. Version 2, June 1991</license>
    <forum>http://forum.xbmc.org/showthread.php?tid=115758</forum>
    <website></website>
    <email>birger.jesch@gmail.com</email>
    <source>https://github.com/b-jesch/service.pvr.manager</source>
    <assets>
      <icon>resources/icon.png</icon>
      <fanart>resources/fanart.jpg</fanart>
    </assets>
  </extension>
</addon>
