<?xml version='1.0' encoding='UTF-8' standalone='yes'?>
<addon id="service.kn.switchtimer" name="KN Switchtimer Service" provider-name="Birger Jesch" version="2.0.12">
    <requires>
        <import addon="xbmc.python" version="2.24.0"/>
        <import addon="xbmc.json" version="6.20.0"/>
    </requires>
    <extension point="xbmc.service" library="service.py" start="login" />
    <extension point="xbmc.python.script" library="handler.py" />
    <extension point="kodi.context.item" library="addtimer.py">
            <menu id="kodi.core.main">
                <item library="addtimer.py">
                    <label>30040</label>
                    <visible>System.HasAddon(service.kn.switchtimer) + Window.IsVisible(tvguide)</visible>
                </item>
                <item library="handler.py">
                    <label>30041</label>
                    <visible>System.HasAddon(service.kn.switchtimer) + Window.IsVisible(tvguide)</visible>
                </item>
                <item library="deltimer.py">
                    <label>30042</label>
                    <visible>System.HasAddon(service.kn.switchtimer) + Window.IsVisible(tvguide)</visible>
                </item>
            </menu>
    </extension>
    <extension point="xbmc.addon.metadata">
        <summary lang="en_GB">A switch timer for the PVR module of Kodi</summary>
        <summary lang="de_DE">Ein Umschalttimer für das PVR-Modul von Kodi</summary>
        <description lang="en_GB">Switching with the KN switchtimer from every point of view inside Kodi to a tv or radio broadcast at a given time - no more miss your favorite shows or sports events on tv.</description>
        <description lang="de_DE">Mit dem KN Switchtimer schaltest Du auf Deine programmierte Sendung zur richtigen Zeit um - egal wo Du Dich gerade befindest. Nie wieder die Lieblingssendung oder wichtige Sportereignisse verpassen.</description>
        <disclaimer lang="en_GB">Use at your own risk. Post suggestions, improvements or bug reports directly to Git.</disclaimer>
        <disclaimer lang="de_DE">Benutzung auf eigene Gefahr. Anregungen, Verbesserungen oder Bugs bitte direkt über Git posten.</disclaimer>
        <platform>all</platform>
        <license>GNU GENERAL PUBLIC LICENSE. Version 2, June 1991</license>
        <website>http://vdr4bj1.no-ip.org</website>
        <source>https://github.com/b-jesch/service.kn.switchtimer</source>
        <news>
2.0.10 - special notification window added, recording capabilities added
2.0.9  - Timerlist for showing and deleting timers, adding leading time offset in settings
2.0.8  - Minor Bugfixes
        </news>
        <assets>
            <icon>resources/icon.png</icon>
            <fanart></fanart>
            <screenshot></screenshot>
        </assets>
        <email>birger.jesch@gmail.com</email>
    </extension>
</addon>
