<?xml version='1.0' encoding='UTF-8' standalone='yes'?>
<addon id="service.kn.switchtimer" name="KN Switchtimer Service" provider-name="Birger Jesch" version="1.0.12">
    <requires>
        <import addon="xbmc.addon" version="12.0.0"/>
        <import addon="xbmc.python" version="2.7.0"/>
    </requires>
    <extension point="xbmc.service" library="service.py" start="login" />
    <extension point="xbmc.python.script" library="handler.py" />
    <extension point="xbmc.addon.metadata">
        <summary lang="en">A switch timer for Aeon Flex</summary>
        <summary lang="de">Ein Umschalttimer für den Aeon Flex Skin</summary>
        <description lang="en">This Service provides switch timers currently supported by the PVR module of the skin Aeon Flex.</description>
        <description lang="de">Dieser Service stellt Umschalttimer zur Verfügung, die aktuell vom PVR-Modul des Skins Aeon Flex unterstützt werden.</description>
        <disclaimer lang="en">Use at your own risk.</disclaimer>
        <disclaimer lang="de">Benutzung auf eigene Gefahr</disclaimer>
        <platform>all</platform>
        <license>GNU GENERAL PUBLIC LICENSE. Version 2, June 1991</license>
        <website>http://vdr4bj1.no-ip.org</website>
        <source>https://github.com/b-jesch/service.kn.switchtimer</source>
        <email>Birger.Jesch@gmail.com</email>
        <language/>
    </extension>
</addon>