<?xml version="1.0" encoding="UTF-8" standalone="yes"?>
<addon id="service.calendar" name="KN Calendar Reminder" version="0.0.10" provider-name="Birger Jesch">
  <requires>
    <import addon="xbmc.python" version="2.25.0"/>
    <import addon="script.module.oauth2client" version="1.4.7"/>
    <import addon="script.module.googleapi" version="1.4.2"/>
    <import addon="script.module.httplib2" version="0.8.0"/>
    <import addon="script.module.dateutil" version="2.5.3"/>
    <import addon="script.module.pil" version="1.1.7" />
  </requires>
  <extension point="xbmc.python.script" library="default.py" />
  <extension point="xbmc.service" library="service.py" start="startup|login" />
  <extension point="xbmc.addon.metadata">
    <platform>all</platform>
    <summary lang="en_GB">View your appointments of the current month from Google Calendar</summary>
    <summary lang="de_DE">Zeigt Dir Termine des aktuellen Monats aus Deinem Google Kalender</summary>
    <description lang="en_GB">Take an overview about all appointments of the actual month in one view of a calendar sheet. Let remind you with a separate feed about the most important events.</description>
    <description lang="de_DE">Verschaffe Dir einen Überblick über alle Termine des aktuellen Monats auf einem Kalenderblatt. Lasse Dich in einem separaten Feed über die wichtigsten Ereignisse informieren.</description>
    <disclaimer lang="en_GB">This is a reminder only! Use at your own risk. Check your origin Google calendar regularly.</disclaimer>
    <disclaimer lang="de_DE">Benutzung auf eigene Gefahr. Überprüfe regelmäßig Deine Termine mit der offiziellen Google-App.</disclaimer>
    <license>GNU GENERAL PUBLIC LICENSE. Version 3, June 2007</license>
    <forum>https://www.kodinerds.net/index.php/Thread/56444-WIP-Google-Kalender/</forum>
    <website></website>
    <email>birger.jesch@gmail.com</email>
    <source>https://github.com/b-jesch/service.calendar</source>
    <news>0.0.10: starttime of current day adjusted to 00:00:00 instead of current time.</news>
    <assets>
        <icon>icon.png</icon>
        <fanart>resources/skins/Default/media/fanart.jpg</fanart>
        <screenshot>resources/screenshots/screenshot_01.png</screenshot>
        <screenshot>resources/screenshots/screenshot_02.png</screenshot>
    </assets>
  </extension>
</addon>