<?xml version="1.0" encoding="UTF-8"?>
<window>
    <defaultcontrol always="true">1153</defaultcontrol>
    <include>DefaultDialogButton</include>
	<controls>
		<control type="group" id="1150">
			<left>1280</left>
            <top>720</top>
            <include content="DialogBackgroundCommons">
                <param name="width" value="620" />
                <param name="height" value="380" />
                <param name="header_label" value="$ADDON[service.kn.switchtimer 30033]" />
                <param name="header_id" value="1" />
			</include>
            <control type="textbox" id="1151">
                <left>10</left>
                <top>40</top>
                <width>600</width>
                <height>210</height>
                <align>left</align>
                <aligny>center</aligny>
            </control>
            <control type="progress" id="1155">
                <left>10</left>
                <top>250</top>
                <width>600</width>
                <height>15</height>
                <visible>true</visible>
            </control>
            <control type="grouplist">
                <orientation>horizontal</orientation>
                <left>0</left>
                <top>260</top>
                <width>620</width>
                <align>center</align>
                <include content="DefaultDialogButton">
                    <description>Delete Timer</description>
                    <param name="id" value="1152" />
                    <param name="width" value="300"/>
                    <param name="label" value="$ADDON[service.kn.switchtimer 30041]"/>
                    <param name="onclick" value="RunScript(service.kn.switchtimer,action=del,timer=t0)"/>
                    <param name="onclick_2" value="Dialog.Close(all)"/>
                </include>
                <include content="DefaultDialogButton">
                    <description>Switch now button</description>
                    <param name="id" value="1153" />
                    <param name="width" value="300"/>
                    <param name="label" value="$ADDON[service.kn.switchtimer 30043]"/>
                    <param name="onclick" value="RunScript(service.kn.switchtimer,action=switch,timer=t0)"/>
                    <param name="onclick_2" value="Dialog.Close(all)"/>
                </include>
				<onup>1</onup>
                <ondown>1</ondown>
            </control>
        </control>
	</controls>
</window>
