<?xml version="1.0" encoding="UTF-8" standalone="yes"?>
<addon id="repository.saxbmc" name="SaXBMC Addon Repo" version="1.0.0" provider-name="Birger Jesch">
	<extension point="xbmc.addon.repository" name="SaXBMC Addon Repo">
		<info compressed="false">https://raw.githubusercontent.com/b-jesch/SaXBMC/master/addons.xml</info>
		<checksum>https://raw.githubusercontent.com/b-jesch/SaXBMC/master/addons.xml.md5</checksum>
		<datadir zip="true">https://raw.githubusercontent.com/b-jesch/SaXBMC/master/zip/</datadir>
	</extension>
	<extension point="xbmc.addon.metadata">
		<summary>Some useful services and scripts</summary>
		<description>Some useful services and scripts</description>
		<disclaimer></disclaimer>
		<platform>all</platform>
	</extension>
</addon>