<?xml version="1.0" encoding="UTF-8"?>
<includes>
        <include name="HomeRecentlyAddedGTO">
                <control type="group" id="5777">
                        <left>-1425</left>
                        <top>400</top>
                        <control type="button">
                                <description>left Arrow</description>
                                <left>70</left>
                                <top>90</top>
                                <width>30</width>
                                <height>40</height>
                                <texturefocus>arrow-big-left.png</texturefocus>
                                <texturenofocus>arrow-big-left.png</texturenofocus>
                                <onclick>Control.Move(58051,-1)</onclick>
                                <visible>Control.HasFocus(58051) + Container(58051).HasPrevious</visible>
                        </control>
                        <control type="group">
                                <control type="label">
                                        <description>Widget label</description>
                                        <left>660</left>
                                        <top>310</top>
                                        <height>20</height>
                                        <width>480</width>
                                        <label>$ADDON[script.service.gto 30104]: $INFO[Window(Home).Property(GTO.provider)]</label>
                                        <align>center</align>
                                        <aligny>center</aligny>
                                        <font>font13</font>
                                        <textcolor>white</textcolor>
                                </control>
                                <control type="list" id="58051">
                                        <left>120</left>
                                        <top>0</top>
                                        <width>1675</width>
                                        <height>320</height>
                                        <onleft>58051</onleft>
                                        <onright>58051</onright>
                                        <onup>58051</onup>
                                        <ondown condition="Control.IsVisible(90020) + Skin.HasSetting(centermainmenu)">90020</ondown>
                                        <ondown condition="!Control.IsVisible(90020) | !Skin.HasSetting(centermainmenu)">9000</ondown>
                                        <viewtype label="535">list</viewtype>
                                        <pagecontrol></pagecontrol>
                                        <scrolltime>200</scrolltime>
                                        <orientation>Horizontal</orientation>
                                        <itemlayout height="300" width="240">
                                                <control type="image">
                                                        <description>background</description>
                                                        <left>0</left>
                                                        <top>0</top>
                                                        <width>240</width>
                                                        <height>300</height>
                                                        <texture border="15">RecentAddedBack.png</texture>
                                                </control>
                                                <control type="image">
                                                        <description>Broadcast Picture</description>
                                                        <left>10</left>
                                                        <top>10</top>
                                                        <width>220</width>
                                                        <height>154</height>
                                                        <aspectratio>scale</aspectratio>
                                                        <texture background="true">$INFO[ListItem.thumb]</texture>
                                                        <bordertexture border="4">button-nofocus.png</bordertexture>
                                                        <bordersize>4</bordersize>
                                                </control>
                                                <control type="label">
                                                        <description>Genre</description>
                                                        <left>20</left>
                                                        <top>190</top>
                                                        <width>200</width>
                                                        <height>14</height>
                                                        <font>font10</font>
                                                        <textcolor>white</textcolor>
                                                        <align>left</align>
                                                        <aligny>top</aligny>
                                                        <label>$INFO[ListItem.genre]</label>
                                                </control>
                                                <control type="label">
                                                        <description>Movie Title</description>
                                                        <left>20</left>
                                                        <top>168</top>
                                                        <width>200</width>
                                                        <height>20</height>
                                                        <font>font12</font>
                                                        <textcolor>white</textcolor>
                                                        <align>center</align>
                                                        <aligny>center</aligny>
                                                        <label>$INFO[ListItem.title]</label>
                                                </control>
                                                <control type="image">
                                                        <description>Channellogo</description>
                                                        <left>10</left>
                                                        <top>210</top>
                                                        <width>100</width>
                                                        <height>75</height>
                                                        <aspectratio>keep</aspectratio>
                                                        <align>left</align>
                                                        <aligny>top</aligny>
                                                        <texture background="false">$INFO[ListItem.Art(logo)]</texture>
                                                        <bordersize>5</bordersize>
                                                </control>
                                                <control type="label">
                                                        <description>Starttime - Endtime</description>
                                                        <left>115</left>
                                                        <top>220</top>
                                                        <width>115</width>
                                                        <height>14</height>
                                                        <font>font10</font>
                                                        <textcolor>white</textcolor>
                                                        <align>right</align>
                                                        <aligny>top</aligny>
                                                        <label>$INFO[ListItem.Property(StartTime)] - $INFO[ListItem.Property(EndTime)]</label>
                                                </control>
                                                <control type="label">
                                                        <description>PVR Channel</description>
                                                        <left>115</left>
                                                        <top>245</top>
                                                        <width>115</width>
                                                        <height>14</height>
                                                        <font>font10</font>
                                                        <textcolor>white</textcolor>
                                                        <align>right</align>
                                                        <aligny>top</aligny>
                                                        <label>$INFO[ListItem.Label2]</label>
                                                </control>
                                        </itemlayout>
                                        <focusedlayout height="300" width="240">
                                                <control type="image">
                                                        <description>background</description>
                                                        <left>0</left>
                                                        <top>0</top>
                                                        <width>240</width>
                                                        <height>300</height>
                                                        <texture border="15">RecentAddedBack.png</texture>
                                                </control>
                                                <control type="image">
                                                        <left>10</left>
                                                        <top>10</top>
                                                        <width>220</width>
                                                        <height>154</height>
                                                        <aspectratio>scale</aspectratio>
                                                        <texture>$INFO[ListItem.thumb]</texture>
                                                        <bordertexture border="4">folder-focus.png</bordertexture>
                                                        <bordersize>4</bordersize>
                                                        <visible>Control.HasFocus(58051)</visible>
                                                </control>
                                                <control type="image">
                                                        <left>10</left>
                                                        <top>10</top>
                                                        <width>220</width>
                                                        <height>154</height>
                                                        <aspectratio>scale</aspectratio>
                                                        <texture>$INFO[ListItem.thumb]</texture>
                                                        <bordertexture border="4">button-nofocus.png</bordertexture>
                                                        <bordersize>4</bordersize>
                                                        <visible>!Control.HasFocus(58051)</visible>
                                                </control>
                                                <control type="label">
                                                        <left>20</left>
                                                        <top>190</top>
                                                        <width>200</width>
                                                        <height>14</height>
                                                        <font>font10</font>
                                                        <textcolor>$VAR[ThemeHomeLabelColor]</textcolor>
                                                        <align>left</align>
                                                        <aligny>top</aligny>
                                                        <label>$INFO[ListItem.genre]</label>
                                                </control>
                                                <control type="label">
                                                        <left>20</left>
                                                        <top>168</top>
                                                        <width>200</width>
                                                        <height>20</height>
                                                        <font>font12</font>
                                                        <textcolor>$VAR[ThemeHomeLabelColor]</textcolor>
                                                        <align>center</align>
                                                        <aligny>center</aligny>
                                                        <label>$INFO[ListItem.Label]</label>
                                                        <visible>true</visible>
                                                </control>
                                                <control type="image">
                                                        <description>Channellogo</description>
                                                        <left>10</left>
                                                        <top>210</top>
                                                        <width>100</width>
                                                        <height>75</height>
                                                        <aspectratio>keep</aspectratio>
                                                        <align>left</align>
                                                        <aligny>top</aligny>
                                                        <texture background="false">$INFO[ListItem.Art(logo)]</texture>
                                                        <bordersize>5</bordersize>
                                                </control>
                                                <control type="label">
                                                       <left>115</left>
                                                        <top>220</top>
                                                        <width>115</width>
                                                        <height>14</height>
                                                        <font>font10</font>
                                                        <textcolor>$VAR[ThemeHomeLabelColor]</textcolor>
                                                        <align>right</align>
                                                        <aligny>top</aligny>
                                                        <label>$INFO[ListItem.Property(StartTime)] - $INFO[ListItem.Property(EndTime)]</label>
                                                </control>
                                                <control type="label">
                                                        <left>115</left>
                                                        <top>245</top>
                                                        <width>115</width>
                                                        <height>14</height>
                                                        <font>font10</font>
                                                        <textcolor>$VAR[ThemeHomeLabelColor]</textcolor>
                                                        <align>right</align>
                                                        <aligny>top</aligny>
                                                        <label>$INFO[ListItem.Label2]</label>
                                                </control>
                                        </focusedlayout>
                                        <onclick>RunScript(script.service.gto,action=infopopup&amp;blob=$INFO[ListItem.Property(BlobId)])</onclick>
                                        <content target="pvr">plugin://script.service.gto?action=getcontent&amp;ts=$INFO[Window(Home).Property(GTO.timestamp)]</content>
                                </control>
                                <control type="button">
                                        <description>right Arrow</description>
                                        <left>1810</left>
                                        <top>90</top>
                                        <width>30</width>
                                        <height>40</height>
                                        <texturefocus>arrow-big-right.png</texturefocus>
                                        <texturenofocus>arrow-big-right.png</texturenofocus>
                                        <onclick>Control.Move(58051,1)</onclick>
                                        <visible>Control.HasFocus(58051) + Container(58051).HasNext</visible>
                                </control>
                         </control>
                </control>
        </include>
</includes>